"Warehouse","Warehouse Organisation","Category","Category Code","Catalog","Item Code","Item Name","Unit of Measure","Brand","Model","Year","Pack","Pack Quantity","Weight","Length","Width","Height","Volume","Tracking Number ","Bin","Supplier/Donor","Organisation/Department","Expiry Date","Quantity","Unit Value","Currency","Comments"
"Aileu Vila Warehouse","Timor-Leste Red Cross Society","Food",,"Standard",,"Rice","kg",,,,"Sack",5,,,,,,,,"Indonesian Red Cross Society","Timor-Leste Red Cross Society",,100,1.2,"USD",
"Aileu Vila Warehouse","Timor-Leste Red Cross Society","Relief Item",,"Standard",,"Blankets","Piece",,,,"Roll",10,,,,,,,,"Acme Suppliers","Timor-Leste Red Cross Society",,50,6,"USD",
"Aileu Vila Warehouse","Timor-Leste Red Cross Society","Relief Item",,"Standard",,"Jerry Cans","Piece",,,,"Case",6,,,,,,,,"Acme Suppliers","Timor-Leste Red Cross Society",,300,3,"USD",
"Aileu Vila Warehouse","Timor-Leste Red Cross Society","Relief Item",,"Standard",,"Kitchen Sets","Unit",,,,"Box",10,,,,,,,,"Australian Red Cross","Timor-Leste Red Cross Society",,500,19,"USD",
"Baucau Warehouse","Timor-Leste Red Cross Society","Relief Item",,"Standard",,"Hygiene Kits","Unit",,,,"Box",25,,,,,,,,"Australian Red Cross","Timor-Leste Red Cross Society",,40,21,"USD",
"Baucau Warehouse","Timor-Leste Red Cross Society","Relief Item",,"Standard",,"Blankets","Piece",,,,"Roll",10,,,,,,,,"Acme Suppliers","Timor-Leste Red Cross Society",,250,7,"USD",
"Baucau Warehouse","Timor-Leste Red Cross Society","Relief Item",,"Standard",,"Jerry Cans","Piece",,,,"Case",6,,,,,,,,"Acme Suppliers","Timor-Leste Red Cross Society",,150,2,"USD",
"Baucau Warehouse","Timor-Leste Red Cross Society","Relief Item",,"Standard",,"Kitchen Sets","Unit",,,,"Box",10,,,,,,,,"Acme Suppliers","Timor-Leste Red Cross Society",,50,15,"USD",
"Bobonaro Warehouse","Timor-Leste Red Cross Society","Relief Item",,"Standard",,"Plastic Sheets","m2",,,,"Roll",100,,,,,,,,"Acme Suppliers","Timor-Leste Red Cross Society",,700,1,"USD",
"Bobonaro Warehouse","Timor-Leste Red Cross Society","Relief Item",,"Standard",,"Blankets","Piece",,,,"Roll",10,,,,,,,,"Acme Suppliers","Timor-Leste Red Cross Society",,150,4,"USD",
"Bobonaro Warehouse","Timor-Leste Red Cross Society","Relief Item",,"Standard",,"Jerry Cans","Piece",,,,"Case",6,,,,,,,,"Acme Suppliers","Timor-Leste Red Cross Society",,120,4,"USD",
"Bobonaro Warehouse","Timor-Leste Red Cross Society","Relief Item",,"Standard",,"Hygiene Kits","Unit",,,,"Box",10,,,,,,,,"Australian Red Cross","Timor-Leste Red Cross Society",,110,16,"USD",
"Ermera Warehouse","Timor-Leste Red Cross Society","Relief Item",,"Standard",,"Plastic Sheets","m2",,,,"Box",25,,,,,,,,"Acme Suppliers","Timor-Leste Red Cross Society",,600,0.75,"USD",
"Ermera Warehouse","Timor-Leste Red Cross Society","Relief Item",,"Standard",,"Blankets","Piece",,,,"Roll",10,,,,,,,,"Acme Suppliers","Timor-Leste Red Cross Society",,550,3,"USD",
"Ermera Warehouse","Timor-Leste Red Cross Society","Relief Item",,"Standard",,"Kitchen Sets","Unit",,,,"Box",10,,,,,,,,"Acme Suppliers","Timor-Leste Red Cross Society",,80,18,"USD",
"Ermera Warehouse","Timor-Leste Red Cross Society","Relief Item",,"Standard",,"Hygiene Kits","Unit",,,,"Box",25,,,,,,,,"Australian Red Cross","Timor-Leste Red Cross Society",,45,20,"USD",
"Ermera Warehouse","Timor-Leste Red Cross Society","Relief Item",,"Standard",,"Plastic Sheets","m2",,,,"Roll",100,,,,,,,,"Acme Suppliers","Timor-Leste Red Cross Society",,1200,1,"USD",
"Liquiçá Warehouse","Timor-Leste Red Cross Society","Relief Item",,"Standard",,"Jerry Cans","Piece",,,,"Case",6,,,,,,,,"Acme Suppliers","Timor-Leste Red Cross Society",,140,3.5,"USD",
"Liquiçá Warehouse","Timor-Leste Red Cross Society","Relief Item",,"Standard",,"Kitchen Sets","Unit",,,,"Box",10,,,,,,,,"Australian Red Cross","Timor-Leste Red Cross Society",,240,17,"USD",
"Liquiçá Warehouse","Timor-Leste Red Cross Society","Relief Item",,"Standard",,"Hygiene Kits","Unit",,,,"Box",25,,,,,,,,"Australian Red Cross","Timor-Leste Red Cross Society",,300,18,"USD",
"Liquiçá Warehouse","Timor-Leste Red Cross Society","Relief Item",,"Standard",,"Plastic Sheets","m2",,,,"Roll",100,,,,,,,,"Acme Suppliers","Timor-Leste Red Cross Society",,550,1,"USD",
